{"count":1,"self":144.159232,"total":144.6660779,"children":{"InitializeActuators":{"count":1,"self":0.0015565,"total":0.0015565,"children":null},"InitializeSensors":{"count":1,"self":0.0010046999999999999,"total":0.0010046999999999999,"children":null},"AgentSendState":{"count":5697,"self":0.1267934,"total":0.1448532,"children":{"CollectObservations":{"count":1140,"self":0.0065172999999999993,"total":0.0065172999999999993,"children":null},"WriteActionMask":{"count":1140,"self":0,"total":0,"children":null},"RequestDecision":{"count":1140,"self":0.011542499999999999,"total":0.011542499999999999,"children":null}}},"DecideAction":{"count":5697,"self":0.31968209999999997,"total":0.34622379999999997,"children":{"RayPerceptionSensor.Perceive":{"count":2280,"self":0.026541699999999998,"total":0.026541699999999998,"children":null}}},"AgentAct":{"count":5697,"self":0.0132086,"total":0.0132086,"children":null}},"gauges":{"CoinChaser.CumulativeReward":{"count":10,"max":0.340000331,"min":-11.1101818,"runningAverage":-4.131049,"value":-2.47999716,"weightedAverage":-5.063063}},"metadata":{"timer_format_version":"0.1.0","start_time_seconds":"1748554854","unity_version":"6000.0.44f1","command_line_arguments":"C:\\Program Files\\Unity\\Hub\\Editor\\6000.0.44f1\\Editor\\Unity.exe -projectpath B:\\Programming\\MLStrike-PPO -useHub -hubIPC -cloudEnvironment production","communication_protocol_version":"1.5.0","com.unity.ml-agents_version":"3.0.0","scene_name":"SampleScene","end_time_seconds":"1748554999"}}