{"count":1,"self":669.6341504,"total":688.601607,"children":{"InitializeActuators":{"count":12,"self":0.000668,"total":0.000668,"children":null},"InitializeSensors":{"count":12,"self":0.00092399999999999991,"total":0.00092399999999999991,"children":null},"AgentSendState":{"count":9641,"self":1.526915,"total":4.68102,"children":{"CollectObservations":{"count":23148,"self":0.053960999999999995,"total":0.053960999999999995,"children":null},"WriteActionMask":{"count":23148,"self":0.019081999999999998,"total":0.019081999999999998,"children":null},"RequestDecision":{"count":23148,"self":0.07084,"total":3.0810619999999997,"children":{"AgentInfo.ToProto":{"count":23148,"self":0.055871,"total":3.0102219999999997,"children":{"GenerateSensorData":{"count":23148,"self":2.885665,"total":2.954351,"children":{"RayPerceptionSensor.Perceive":{"count":46296,"self":0.068686,"total":0.068686,"children":null}}}}}}}}},"DecideAction":{"count":9641,"self":14.079519999999999,"total":14.079519999999999,"children":null},"AgentAct":{"count":9641,"self":0.20304899999999998,"total":0.204976,"children":{"AgentInfo.ToProto":{"count":14,"self":3.6E-05,"total":0.001927,"children":{"GenerateSensorData":{"count":14,"self":0.001851,"total":0.0018909999999999999,"children":{"RayPerceptionSensor.Perceive":{"count":28,"self":3.9999999999999996E-05,"total":3.9999999999999996E-05,"children":null}}}}}}}},"gauges":{"CoinChaser.CumulativeReward":{"count":14,"max":0.5380024,"min":-4.99982,"runningAverage":-4.28013134,"value":0.5380024,"weightedAverage":-2.76452279}},"metadata":{"timer_format_version":"0.1.0","start_time_seconds":"1750539321","unity_version":"6000.0.46f1","command_line_arguments":"\/Applications\/Unity\/Hub\/Editor\/6000.0.46f1\/Unity.app\/Contents\/MacOS\/Unity -projectpath \/Users\/jakubtruszkowski\/Documents\/GitHub\/MLStrike-PPO -useHub -hubIPC -cloudEnvironment production","communication_protocol_version":"1.5.0","com.unity.ml-agents_version":"3.0.0","scene_name":"SampleScene","end_time_seconds":"1750540010"}}