{"count":1,"self":630.58391039999992,"total":2111.2569334,"children":{"InitializeActuators":{"count":48,"self":0.0030477,"total":0.0030477,"children":null},"InitializeSensors":{"count":48,"self":0.00050369999999999994,"total":0.00050369999999999994,"children":null},"AgentSendState":{"count":119113,"self":81.185324799999989,"total":97.039433899999992,"children":{"CollectObservations":{"count":1143696,"self":1.5081556999999999,"total":1.5081556999999999,"children":null},"WriteActionMask":{"count":1143696,"self":0.39504069999999997,"total":0.39504069999999997,"children":null},"RequestDecision":{"count":1143696,"self":1.7273387999999998,"total":13.9509099,"children":{"AgentInfo.ToProto":{"count":1143696,"self":1.2639421,"total":12.223571,"children":{"GenerateSensorData":{"count":1143696,"self":7.4879264,"total":10.9596289,"children":{"RayPerceptionSensor.Perceive":{"count":2287392,"self":3.4717027999999996,"total":3.4717027999999996,"children":null}}}}}}}}},"DecideAction":{"count":119113,"self":400.2149376,"total":400.2149376,"children":null},"AgentAct":{"count":119113,"self":983.3823232,"total":983.39710789999992,"children":{"AgentInfo.ToProto":{"count":732,"self":0,"total":0.014779899999999999,"children":{"GenerateSensorData":{"count":732,"self":0.0112696,"total":0.014779899999999999,"children":{"RayPerceptionSensor.Perceive":{"count":1464,"self":0.0035103,"total":0.0035103,"children":null}}}}}}},"AgentInfo.ToProto":{"count":1092,"self":0.0025718,"total":0.018002,"children":{"GenerateSensorData":{"count":1092,"self":0.0122025,"total":0.0154302,"children":{"RayPerceptionSensor.Perceive":{"count":2184,"self":0.0032277,"total":0.0032277,"children":null}}}}}},"gauges":{"CoinChaser.CumulativeReward":{"count":1824,"max":1011.78918,"min":-165.1249,"runningAverage":33.0035477,"value":-73.64798,"weightedAverage":-35.269043}},"metadata":{"timer_format_version":"0.1.0","start_time_seconds":"1750721962","unity_version":"6000.1.5f1","command_line_arguments":"C:\\Program Files\\Unity\\Hub\\Editor\\6000.1.5f1\\Editor\\Unity.exe -projectpath B:\\Programming\\MLStrike-PPO -useHub -hubIPC -cloudEnvironment production","communication_protocol_version":"1.5.0","com.unity.ml-agents_version":"3.0.0","scene_name":"SampleScene","end_time_seconds":"1750724073"}}